{
  "GEN": [
    {
      "id": 1,
      "question": "The World Largest desert is ?",
      "option_1": "Thar",
      "option_2": "Kalahari",
      "option_3": "Sahara",
      "option_4": "Sonoran",
      "correct_option": 3
    },
    {
      "id": 2,
      "question": "The gas used for making vegetables is ?",
      "option_1": "Oxygen",
      "option_2": "Carbon dioxide",
      "option_3": "Hydrogen",
      "option_4": "Nitrogen",
      "correct_option": 3
    },
    {
      "id": 3,
      "question": "In 200 2 crossed the heliosheath boundary and into the vast region at the edge of our solar system where the solar wind runs up against the thin gas between the stars. What did this crossing confirm about the shape of our solar system?",
      "option_1": "It’s round",
      "option_2": "It’s squashed",
      "option_3": "It’s like a donut",
      "option_4": "It’s a horseshoe shape",
      "correct_option": 2
    }
  ]
  
}