{
    "admin": [
        {
            "id": 1,
            "email": "admin@gmail.com",
            "password": "admin#123"
        }
    ],
    "user": [
        {
            "id": 1,
            "email": "xyz@gmail.com",
            "password": "abc#123"
        }
    ],
    "xyz@gmail.com": [
        {
            "id": 1,
            "category": "pqr",
            "score": 10,
            "date": "8/1/2021"
        },
        {
            "id": 2,
            "category": "pqr",
            "score": 10,
            "date": "8/1/2021"
        }
    ],
    "category": [
        {
			"id": 1,
            "name": "pqr"
        },
		{
			"id": 2,
			"name": "mnvb"
		}
    ],
    "pqr": [
        {
            "id": 1,
            "question": "question",
            "option_1": "option-1",
            "option_2": "option_2",
            "option_3": "option_3",
            "option_4": "option_4",
            "correct_option": 2
        }
    ],
    "mnvb": [
        {
            "id": 1,
            "question": "question",
            "option_1": "option-1",
            "option_2": "option_2",
            "option_3": "option_3",
            "option_4": "option_4",
            "correct_option": 2
        }
    ]
}